instance,tournament,year,start,team,games,ppg,finalist,champion,edition,overall,gk,def_top,att_top,def_line,def_tilt,att_tilt
African Cup of Nations|0,African Cup of Nations,2017,2017-01-14,Burkina Faso,6,2.0,False,False,2017,68.14285714285714,75.0,71.33333333333333,72.0,71.94444444444444,3.801587301587304,3.857142857142861
African Cup of Nations|0,African Cup of Nations,2017,2017-01-14,Cameroon,6,2.0,True,True,2017,76.43478260869566,80.0,79.6,79.0,79.66666666666667,3.2318840579710155,2.565217391304344
African Cup of Nations|0,African Cup of Nations,2017,2017-01-14,Senegal,4,2.0,False,False,2017,77.21739130434783,72.0,78.0,77.66666666666667,77.0,-0.21739130434782794,0.44927536231884346
African Cup of Nations|0,African Cup of Nations,2017,2017-01-14,Egypt,6,1.8333333333333333,True,False,2017,70.43478260869566,73.0,68.6,76.0,69.33333333333333,-1.1014492753623273,5.565217391304344
African Cup of Nations|0,African Cup of Nations,2017,2017-01-14,Congo DR,4,1.75,False,False,2017,72.95652173913044,69.0,73.0,77.33333333333333,72.33333333333333,-0.6231884057971087,4.376811594202891
African Cup of Nations|0,African Cup of Nations,2017,2017-01-14,Tunisia,4,1.5,False,False,2017,70.78260869565217,55.0,73.4,71.66666666666667,70.33333333333333,-0.44927536231884346,0.8840579710144993
African Cup of Nations|0,African Cup of Nations,2017,2017-01-14,Morocco,4,1.5,False,False,2017,76.65217391304348,71.0,76.2,76.33333333333333,75.33333333333333,-1.3188405797101552,-0.3188405797101552
African Cup of Nations|0,African Cup of Nations,2017,2017-01-14,Ghana,6,1.5,False,False,2017,75.21739130434783,69.0,73.6,75.66666666666667,72.83333333333333,-2.3840579710144993,0.44927536231884346
African Cup of Nations|0,African Cup of Nations,2017,2017-01-14,Gabon,3,1.0,False,False,2017,71.5,72.0,70.2,75.5,70.5,-1.0,4.0
African Cup of Nations|0,African Cup of Nations,2017,2017-01-14,Algeria,3,0.6666666666666666,False,False,2017,76.04347826086956,69.0,75.8,82.0,74.66666666666667,-1.3768115942028913,5.956521739130437
African Cup of Nations|0,African Cup of Nations,2017,2017-01-14,Ivory Coast,3,0.6666666666666666,False,False,2017,77.95652173913044,70.0,79.4,80.66666666666667,77.83333333333333,-0.12318840579710866,2.710144927536234
African Cup of Nations|0,African Cup of Nations,2017,2017-01-14,Mali,3,0.6666666666666666,False,False,2017,72.21739130434783,72.0,72.4,75.33333333333333,72.33333333333333,0.11594202898550066,3.1159420289855007
African Cup of Nations|0,African Cup of Nations,2017,2017-01-14,Guinea-Bissau,3,0.3333333333333333,False,False,2017,,,,,,,
African Cup of Nations|0,African Cup of Nations,2017,2017-01-14,Zimbabwe,3,0.3333333333333333,False,False,2017,,,,,,,
African Cup of Nations|0,African Cup of Nations,2017,2017-01-14,Togo,3,0.3333333333333333,False,False,2017,,,,,,,
African Cup of Nations|0,African Cup of Nations,2017,2017-01-14,Uganda,3,0.3333333333333333,False,False,2017,,,,,,,
Gold Cup|0,Gold Cup,2017,2017-07-07,United States,6,2.6666666666666665,True,True,2017,75.65217391304348,81.0,75.8,74.33333333333333,76.66666666666667,1.0144927536231876,-1.3188405797101552
Gold Cup|0,Gold Cup,2017,2017-07-07,Costa Rica,5,2.0,False,False,2017,71.73913043478261,85.0,74.8,68.0,76.5,4.760869565217391,-3.7391304347826093
Gold Cup|0,Gold Cup,2017,2017-07-07,Mexico,5,2.0,False,False,2017,78.17391304347827,80.0,77.8,81.33333333333333,78.16666666666667,-0.007246376811593791,3.1594202898550634
Gold Cup|0,Gold Cup,2017,2017-07-07,Jamaica,6,1.8333333333333333,True,False,2017,69.8695652173913,72.0,72.4,71.66666666666667,72.33333333333333,2.463768115942031,1.7971014492753739
Gold Cup|0,Gold Cup,2017,2017-07-07,Panama,4,1.75,False,False,2017,66.6923076923077,75.0,67.5,66.33333333333333,68.75,2.0576923076923066,-0.3589743589743648
Gold Cup|0,Gold Cup,2017,2017-07-07,Canada,4,1.25,False,False,2017,68.08695652173913,65.0,67.2,69.66666666666667,66.83333333333333,-1.253623188405797,1.579710144927546
Gold Cup|0,Gold Cup,2017,2017-07-07,Martinique,3,1.0,False,False,2017,,,,,,,
Gold Cup|0,Gold Cup,2017,2017-07-07,El Salvador,4,1.0,False,False,2017,,,,,,,
Gold Cup|0,Gold Cup,2017,2017-07-07,Honduras,4,0.5,False,False,2017,66.0,75.0,70.4,68.33333333333333,71.16666666666667,5.166666666666671,2.3333333333333286
Gold Cup|0,Gold Cup,2017,2017-07-07,French Guiana,3,0.3333333333333333,False,False,2017,,,,,,,
Gold Cup|0,Gold Cup,2017,2017-07-07,Nicaragua,3,0.0,False,False,2017,,,,,,,
Gold Cup|0,Gold Cup,2017,2017-07-07,Curaçao,3,0.0,False,False,2017,,,,,,,
FIFA World Cup|0,FIFA World Cup,2018,2018-06-14,France,7,2.7142857142857144,True,True,2018,84.43478260869566,88.0,83.8,86.33333333333333,84.5,0.06521739130434412,1.8985507246376727
FIFA World Cup|0,FIFA World Cup,2018,2018-06-14,Belgium,7,2.5714285714285716,False,False,2018,83.04347826086956,89.0,83.0,87.33333333333333,84.0,0.9565217391304373,4.289855072463766
FIFA World Cup|0,FIFA World Cup,2018,2018-06-14,Uruguay,5,2.4,False,False,2018,79.17391304347827,82.0,81.4,85.33333333333333,81.5,2.326086956521735,6.159420289855063
FIFA World Cup|0,FIFA World Cup,2018,2018-06-14,Croatia,7,2.0,True,False,2018,79.91304347826087,85.0,79.8,81.66666666666667,80.66666666666667,0.7536231884057969,1.753623188405797
FIFA World Cup|0,FIFA World Cup,2018,2018-06-14,Brazil,5,2.0,False,False,2018,84.30434782608695,83.0,86.6,87.33333333333333,86.0,1.6956521739130466,3.028985507246375
FIFA World Cup|0,FIFA World Cup,2018,2018-06-14,Sweden,5,1.8,False,False,2018,77.04347826086956,75.0,78.0,82.0,77.5,0.45652173913043725,4.956521739130437
FIFA World Cup|0,FIFA World Cup,2018,2018-06-14,Colombia,4,1.75,False,False,2018,78.69565217391305,79.0,78.2,82.0,78.33333333333333,-0.36231884057971797,3.3043478260869534
FIFA World Cup|0,FIFA World Cup,2018,2018-06-14,Russia,5,1.6,False,False,2018,78.47826086956522,79.0,79.0,79.0,79.0,0.5217391304347814,0.5217391304347814
FIFA World Cup|0,FIFA World Cup,2018,2018-06-14,Spain,4,1.5,False,False,2018,85.6086956521739,90.0,86.6,84.66666666666667,87.16666666666667,1.5579710144927645,-0.9420289855072355
FIFA World Cup|0,FIFA World Cup,2018,2018-06-14,Denmark,4,1.5,False,False,2018,77.6086956521739,83.0,78.6,78.0,79.33333333333333,1.7246376811594217,0.39130434782609314
FIFA World Cup|0,FIFA World Cup,2018,2018-06-14,Mexico,4,1.5,False,False,2018,78.17391304347827,79.0,77.2,81.0,77.5,-0.6739130434782652,2.826086956521735
FIFA World Cup|0,FIFA World Cup,2018,2018-06-14,England,7,1.4285714285714286,False,False,2018,81.91304347826087,82.0,82.6,83.33333333333333,82.5,0.5869565217391255,1.420289855072454
FIFA World Cup|0,FIFA World Cup,2018,2018-06-14,Iran,3,1.3333333333333333,False,False,2018,68.41176470588235,71.0,68.75,75.0,69.125,0.7132352941176521,6.588235294117652
FIFA World Cup|0,FIFA World Cup,2018,2018-06-14,Senegal,3,1.3333333333333333,False,False,2018,77.43478260869566,73.0,78.8,81.0,77.83333333333333,0.3985507246376727,3.565217391304344
FIFA World Cup|0,FIFA World Cup,2018,2018-06-14,Portugal,4,1.25,False,False,2018,82.43478260869566,83.0,81.2,85.0,81.5,-0.9347826086956559,2.565217391304344
FIFA World Cup|0,FIFA World Cup,2018,2018-06-14,Switzerland,4,1.25,False,False,2018,78.1304347826087,84.0,78.6,75.66666666666667,79.5,1.3695652173912976,-2.463768115942031
FIFA World Cup|0,FIFA World Cup,2018,2018-06-14,Saudi Arabia,3,1.0,False,False,2018,72.47826086956522,73.0,73.8,71.0,73.66666666666667,1.1884057971014528,-1.4782608695652186
FIFA World Cup|0,FIFA World Cup,2018,2018-06-14,Argentina,4,1.0,False,False,2018,83.78260869565217,83.0,82.8,90.66666666666667,82.83333333333333,-0.9492753623188435,6.884057971014499
FIFA World Cup|0,FIFA World Cup,2018,2018-06-14,Peru,3,1.0,False,False,2018,70.3913043478261,74.0,72.4,70.33333333333333,72.66666666666667,2.2753623188405783,-0.05797101449276454
FIFA World Cup|0,FIFA World Cup,2018,2018-06-14,Nigeria,3,1.0,False,False,2018,74.82608695652173,81.0,73.6,75.33333333333333,74.83333333333333,0.007246376811593791,0.5072463768115938
FIFA World Cup|0,FIFA World Cup,2018,2018-06-14,Serbia,3,1.0,False,False,2018,78.34782608695652,74.0,80.0,76.33333333333333,79.0,0.6521739130434838,-2.0144927536231876
FIFA World Cup|0,FIFA World Cup,2018,2018-06-14,Germany,3,1.0,False,False,2018,84.82608695652173,92.0,85.2,84.0,86.33333333333333,1.5072463768115938,-0.8260869565217348
FIFA World Cup|0,FIFA World Cup,2018,2018-06-14,Tunisia,3,1.0,False,False,2018,70.34782608695652,63.0,73.0,71.33333333333333,71.33333333333333,0.9855072463768124,0.9855072463768124
FIFA World Cup|0,FIFA World Cup,2018,2018-06-14,South Korea,3,1.0,False,False,2018,73.73913043478261,74.0,73.4,74.0,73.5,-0.2391304347826093,0.2608695652173907
FIFA World Cup|0,FIFA World Cup,2018,2018-06-14,Poland,3,1.0,False,False,2018,77.56521739130434,82.0,78.0,82.66666666666667,78.66666666666667,1.1014492753623273,5.101449275362327
FIFA World Cup|0,FIFA World Cup,2018,2018-06-14,Japan,4,1.0,False,False,2018,75.17391304347827,72.0,74.0,77.33333333333333,73.66666666666667,-1.5072463768115938,2.1594202898550634
FIFA World Cup|0,FIFA World Cup,2018,2018-06-14,Morocco,3,0.3333333333333333,False,False,2018,76.6086956521739,71.0,75.6,75.33333333333333,74.83333333333333,-1.7753623188405783,-1.2753623188405783
FIFA World Cup|0,FIFA World Cup,2018,2018-06-14,Australia,3,0.3333333333333333,False,False,2018,72.82608695652173,77.0,72.0,71.33333333333333,72.83333333333333,0.007246376811593791,-1.4927536231884062
FIFA World Cup|0,FIFA World Cup,2018,2018-06-14,Iceland,3,0.3333333333333333,False,False,2018,71.1304347826087,67.0,70.2,74.0,69.66666666666667,-1.463768115942031,2.8695652173912976
FIFA World Cup|0,FIFA World Cup,2018,2018-06-14,Costa Rica,3,0.3333333333333333,False,False,2018,71.91304347826087,85.0,74.0,65.33333333333333,75.83333333333333,3.920289855072454,-6.579710144927546
FIFA World Cup|0,FIFA World Cup,2018,2018-06-14,Egypt,3,0.0,False,False,2018,71.47826086956522,73.0,71.0,76.0,71.33333333333333,-0.14492753623189003,4.521739130434781
FIFA World Cup|0,FIFA World Cup,2018,2018-06-14,Panama,3,0.0,False,False,2018,65.6875,74.0,67.2,66.0,68.33333333333333,2.6458333333333286,0.3125
AFC Asian Cup|0,AFC Asian Cup,2019,2019-01-05,Qatar,7,3.0,True,True,2019,,,,,,,
AFC Asian Cup|0,AFC Asian Cup,2019,2019-01-05,Japan,7,2.5714285714285716,True,False,2019,75.56521739130434,72.0,74.8,76.33333333333333,74.33333333333333,-1.2318840579710155,0.7681159420289845
AFC Asian Cup|0,AFC Asian Cup,2019,2019-01-05,South Korea,5,2.4,False,False,2019,73.17391304347827,74.0,71.8,73.0,72.16666666666667,-1.0072463768115938,-0.1739130434782652
AFC Asian Cup|0,AFC Asian Cup,2019,2019-01-05,Iran,6,2.1666666666666665,False,False,2019,68.83333333333333,72.0,69.2,73.33333333333333,69.66666666666667,0.8333333333333428,4.5
AFC Asian Cup|0,AFC Asian Cup,2019,2019-01-05,Jordan,4,2.0,False,False,2019,,,,,,,
AFC Asian Cup|0,AFC Asian Cup,2019,2019-01-05,United Arab Emirates,6,1.8333333333333333,False,False,2019,,,,,,,
AFC Asian Cup|0,AFC Asian Cup,2019,2019-01-05,China,5,1.8,False,False,2019,70.78260869565217,72.0,70.2,72.33333333333333,70.5,-0.28260869565217206,1.5507246376811565
AFC Asian Cup|0,AFC Asian Cup,2019,2019-01-05,Iraq,4,1.75,False,False,2019,,,,,,,
AFC Asian Cup|0,AFC Asian Cup,2019,2019-01-05,Uzbekistan,4,1.75,False,False,2019,,,,,,,
AFC Asian Cup|0,AFC Asian Cup,2019,2019-01-05,Saudi Arabia,4,1.5,False,False,2019,70.65217391304348,70.0,71.6,68.66666666666667,71.33333333333333,0.6811594202898448,-1.9855072463768124
AFC Asian Cup|0,AFC Asian Cup,2019,2019-01-05,Australia,5,1.4,False,False,2019,73.08695652173913,78.0,72.8,69.66666666666667,73.66666666666667,0.5797101449275459,-3.420289855072454
AFC Asian Cup|0,AFC Asian Cup,2019,2019-01-05,Bahrain,4,1.0,False,False,2019,,,,,,,
AFC Asian Cup|0,AFC Asian Cup,2019,2019-01-05,Thailand,4,1.0,False,False,2019,,,,,,,
AFC Asian Cup|0,AFC Asian Cup,2019,2019-01-05,India,3,1.0,False,False,2019,59.73913043478261,63.0,61.4,63.666666666666664,61.666666666666664,1.927536231884055,3.927536231884055
AFC Asian Cup|0,AFC Asian Cup,2019,2019-01-05,Lebanon,3,1.0,False,False,2019,,,,,,,
AFC Asian Cup|0,AFC Asian Cup,2019,2019-01-05,Vietnam,5,0.8,False,False,2019,,,,,,,
AFC Asian Cup|0,AFC Asian Cup,2019,2019-01-05,Kyrgyzstan,4,0.75,False,False,2019,,,,,,,
AFC Asian Cup|0,AFC Asian Cup,2019,2019-01-05,Oman,4,0.75,False,False,2019,,,,,,,
AFC Asian Cup|0,AFC Asian Cup,2019,2019-01-05,Palestine,3,0.6666666666666666,False,False,2019,,,,,,,
AFC Asian Cup|0,AFC Asian Cup,2019,2019-01-05,Syria,3,0.3333333333333333,False,False,2019,,,,,,,
AFC Asian Cup|0,AFC Asian Cup,2019,2019-01-05,Philippines,3,0.0,False,False,2019,,,,,,,
AFC Asian Cup|0,AFC Asian Cup,2019,2019-01-05,Yemen,3,0.0,False,False,2019,,,,,,,
AFC Asian Cup|0,AFC Asian Cup,2019,2019-01-05,North Korea,3,0.0,False,False,2019,,,,,,,
AFC Asian Cup|0,AFC Asian Cup,2019,2019-01-05,Turkmenistan,3,0.0,False,False,2019,,,,,,,
African Cup of Nations|1,African Cup of Nations,2019,2019-06-21,Algeria,7,2.7142857142857144,True,True,2019,76.21739130434783,67.0,76.2,80.0,74.66666666666667,-1.5507246376811565,3.782608695652172
African Cup of Nations|1,African Cup of Nations,2019,2019-06-21,Morocco,4,2.5,False,False,2019,76.95652173913044,77.0,77.4,77.0,77.33333333333333,0.37681159420289134,0.043478260869562746
African Cup of Nations|1,African Cup of Nations,2019,2019-06-21,Egypt,4,2.25,False,False,2019,72.52173913043478,73.0,72.0,78.0,72.16666666666667,-0.35507246376810997,5.478260869565219
African Cup of Nations|1,African Cup of Nations,2019,2019-06-21,Nigeria,7,2.142857142857143,False,False,2019,74.95652173913044,76.0,72.6,76.66666666666667,73.16666666666667,-1.7898550724637659,1.7101449275362341
African Cup of Nations|1,African Cup of Nations,2019,2019-06-21,Senegal,7,2.142857142857143,True,False,2019,77.6086956521739,75.0,79.6,79.66666666666667,78.83333333333333,1.2246376811594217,2.0579710144927645
African Cup of Nations|1,African Cup of Nations,2019,2019-06-21,Ivory Coast,5,2.0,False,False,2019,77.04347826086956,69.0,77.6,78.66666666666667,76.16666666666667,-0.8768115942028913,1.6231884057971087
African Cup of Nations|1,African Cup of Nations,2019,2019-06-21,Mali,4,1.75,False,False,2019,71.95652173913044,69.0,73.2,75.33333333333333,72.5,0.5434782608695627,3.3768115942028913
African Cup of Nations|1,African Cup of Nations,2019,2019-06-21,Madagascar,5,1.6,False,False,2019,,,,,,,
African Cup of Nations|1,African Cup of Nations,2019,2019-06-21,Ghana,4,1.5,False,False,2019,75.56521739130434,69.0,75.2,76.66666666666667,74.16666666666667,-1.3985507246376727,1.1014492753623273
African Cup of Nations|1,African Cup of Nations,2019,2019-06-21,Cameroon,4,1.25,False,False,2019,75.6086956521739,78.0,76.6,79.0,76.83333333333333,1.2246376811594217,3.391304347826093
African Cup of Nations|1,African Cup of Nations,2019,2019-06-21,South Africa,5,1.2,False,False,2019,72.47826086956522,78.0,72.4,72.33333333333333,73.33333333333333,0.85507246376811,-0.14492753623189003
African Cup of Nations|1,African Cup of Nations,2019,2019-06-21,Guinea,4,1.0,False,False,2019,69.69565217391305,75.0,66.6,73.0,68.0,-1.6956521739130466,3.3043478260869534
African Cup of Nations|1,African Cup of Nations,2019,2019-06-21,Congo DR,4,1.0,False,False,2019,73.52173913043478,67.0,75.0,76.33333333333333,73.66666666666667,0.14492753623189003,2.8115942028985472
African Cup of Nations|1,African Cup of Nations,2019,2019-06-21,Uganda,4,1.0,False,False,2019,,,,,,,
African Cup of Nations|1,African Cup of Nations,2019,2019-06-21,Kenya,3,1.0,False,False,2019,,,,,,,
African Cup of Nations|1,African Cup of Nations,2019,2019-06-21,Tunisia,7,1.0,False,False,2019,71.17391304347827,71.0,72.6,75.0,72.33333333333333,1.1594202898550634,3.826086956521735
African Cup of Nations|1,African Cup of Nations,2019,2019-06-21,Benin,5,0.8,False,False,2019,67.6923076923077,67.0,68.2,70.0,68.0,0.3076923076923066,2.3076923076923066
African Cup of Nations|1,African Cup of Nations,2019,2019-06-21,Angola,3,0.6666666666666666,False,False,2019,68.0,75.0,70.6,70.0,71.33333333333333,3.3333333333333286,2.0
African Cup of Nations|1,African Cup of Nations,2019,2019-06-21,Mauritania,3,0.6666666666666666,False,False,2019,,,,,,,
African Cup of Nations|1,African Cup of Nations,2019,2019-06-21,Zimbabwe,3,0.3333333333333333,False,False,2019,68.0,75.0,64.75,72.66666666666667,66.45833333333333,-1.5416666666666714,4.666666666666671
African Cup of Nations|1,African Cup of Nations,2019,2019-06-21,Guinea-Bissau,3,0.3333333333333333,False,False,2019,,,,,,,
African Cup of Nations|1,African Cup of Nations,2019,2019-06-21,Burundi,3,0.0,False,False,2019,,,,,,,
African Cup of Nations|1,African Cup of Nations,2019,2019-06-21,Tanzania,3,0.0,False,False,2019,,,,,,,
African Cup of Nations|1,African Cup of Nations,2019,2019-06-21,Namibia,3,0.0,False,False,2019,,,,,,,
Copa América|0,Copa América,2019,2019-06-14,Colombia,4,2.5,False,False,2019,79.43478260869566,78.0,79.8,82.33333333333333,79.5,0.06521739130434412,2.8985507246376727
Copa América|0,Copa América,2019,2019-06-14,Brazil,6,2.3333333333333335,True,True,2019,85.69565217391305,86.0,86.6,88.66666666666667,86.5,0.8043478260869534,2.971014492753625
Copa América|0,Copa América,2019,2019-06-14,Uruguay,4,2.0,False,False,2019,79.91304347826087,81.0,82.2,86.66666666666667,82.0,2.0869565217391255,6.753623188405797
Copa América|0,Copa América,2019,2019-06-14,Argentina,6,1.6666666666666667,False,False,2019,83.3913043478261,81.0,82.0,90.33333333333333,81.83333333333333,-1.5579710144927645,6.9420289855072355
Copa América|0,Copa América,2019,2019-06-14,Peru,6,1.3333333333333333,True,False,2019,72.65217391304348,73.0,73.4,74.0,73.33333333333333,0.6811594202898448,1.3478260869565162
Copa América|0,Copa América,2019,2019-06-14,Venezuela,4,1.25,False,False,2019,73.43478260869566,73.0,73.8,77.66666666666667,73.66666666666667,0.23188405797101552,4.2318840579710155
Copa América|0,Copa América,2019,2019-06-14,Chile,6,1.1666666666666667,False,False,2019,77.30434782608695,79.0,74.2,80.0,75.0,-2.3043478260869534,2.6956521739130466
Copa América|0,Copa América,2019,2019-06-14,Paraguay,4,0.75,False,False,2019,75.6086956521739,77.0,75.4,76.66666666666667,75.66666666666667,0.05797101449276454,1.0579710144927645
Copa América|0,Copa América,2019,2019-06-14,Japan,3,0.6666666666666666,False,False,2019,75.56521739130434,72.0,74.8,76.33333333333333,74.33333333333333,-1.2318840579710155,0.7681159420289845
Copa América|0,Copa América,2019,2019-06-14,Ecuador,3,0.3333333333333333,False,False,2019,73.04347826086956,74.0,72.4,75.66666666666667,72.66666666666667,-0.37681159420289134,2.6231884057971087
Copa América|0,Copa América,2019,2019-06-14,Qatar,3,0.3333333333333333,False,False,2019,,,,,,,
Copa América|0,Copa América,2019,2019-06-14,Bolivia,3,0.0,False,False,2019,66.26086956521739,69.0,67.6,67.33333333333333,67.83333333333333,1.572463768115938,1.072463768115938
Gold Cup|1,Gold Cup,2019,2019-06-15,Mexico,6,2.6666666666666665,True,True,2019,77.78260869565217,77.0,76.4,80.0,76.5,-1.282608695652172,2.217391304347828
Gold Cup|1,Gold Cup,2019,2019-06-15,United States,6,2.5,True,False,2019,75.17391304347827,75.0,76.4,74.0,76.16666666666667,0.9927536231884062,-1.1739130434782652
Gold Cup|1,Gold Cup,2019,2019-06-15,Haiti,5,2.4,False,False,2019,63.72727272727273,75.0,68.33333333333333,64.0,69.44444444444444,5.717171717171716,0.2727272727272734
Gold Cup|1,Gold Cup,2019,2019-06-15,Costa Rica,4,1.75,False,False,2019,71.0,87.0,74.0,71.33333333333333,76.16666666666667,5.166666666666671,0.3333333333333286
Gold Cup|1,Gold Cup,2019,2019-06-15,Jamaica,5,1.6,False,False,2019,68.69565217391305,75.0,72.6,68.33333333333333,73.0,4.304347826086953,-0.36231884057971797
Gold Cup|1,Gold Cup,2019,2019-06-15,Canada,4,1.5,False,False,2019,69.08695652173913,71.0,66.4,73.66666666666667,67.16666666666667,-1.920289855072454,4.579710144927546
Gold Cup|1,Gold Cup,2019,2019-06-15,Panama,4,1.5,False,False,2019,68.0,75.0,69.2,67.33333333333333,70.16666666666667,2.1666666666666714,-0.6666666666666714
Gold Cup|1,Gold Cup,2019,2019-06-15,El Salvador,3,1.3333333333333333,False,False,2019,,,,,,,
Gold Cup|1,Gold Cup,2019,2019-06-15,Martinique,3,1.0,False,False,2019,,,,,,,
Gold Cup|1,Gold Cup,2019,2019-06-15,Bermuda,3,1.0,False,False,2019,,,,,,,
Gold Cup|1,Gold Cup,2019,2019-06-15,Curaçao,4,1.0,False,False,2019,,,,,,,
Gold Cup|1,Gold Cup,2019,2019-06-15,Honduras,3,1.0,False,False,2019,68.6875,61.0,67.8,73.66666666666667,66.66666666666667,-2.0208333333333286,4.979166666666671
Gold Cup|1,Gold Cup,2019,2019-06-15,Trinidad and Tobago,3,0.3333333333333333,False,False,2019,,,,,,,
Gold Cup|1,Gold Cup,2019,2019-06-15,Guyana,3,0.3333333333333333,False,False,2019,,,,,,,
Gold Cup|1,Gold Cup,2019,2019-06-15,Cuba,3,0.0,False,False,2019,,,,,,,
Gold Cup|1,Gold Cup,2019,2019-06-15,Nicaragua,3,0.0,False,False,2019,,,,,,,
Copa América|1,Copa América,2021,2021-06-13,Argentina,7,2.4285714285714284,True,True,2021,83.47826086956522,82.0,80.6,90.0,80.83333333333333,-2.64492753623189,6.521739130434781
Copa América|1,Copa América,2021,2021-06-13,Brazil,7,2.2857142857142856,True,False,2021,85.0,90.0,84.6,87.0,85.5,0.5,2.0
Copa América|1,Copa América,2021,2021-06-13,Uruguay,5,1.6,False,False,2021,80.82608695652173,82.0,82.0,82.33333333333333,82.0,1.1739130434782652,1.5072463768115938
Copa América|1,Copa América,2021,2021-06-13,Paraguay,5,1.4,False,False,2021,74.8695652173913,72.0,74.6,74.33333333333333,74.16666666666667,-0.7028985507246261,-0.536231884057969
Copa América|1,Copa América,2021,2021-06-13,Colombia,7,1.2857142857142858,False,False,2021,78.73913043478261,79.0,80.0,80.66666666666667,79.83333333333333,1.0942028985507193,1.927536231884062
Copa América|1,Copa América,2021,2021-06-13,Peru,7,1.1428571428571428,False,False,2021,72.21739130434783,73.0,72.6,72.0,72.66666666666667,0.44927536231884346,-0.21739130434782794
Copa América|1,Copa América,2021,2021-06-13,Chile,5,1.0,False,False,2021,76.34782608695652,77.0,75.2,77.33333333333333,75.5,-0.8478260869565162,0.9855072463768124
Copa América|1,Copa América,2021,2021-06-13,Ecuador,5,0.6,False,False,2021,74.52173913043478,74.0,76.0,77.66666666666667,75.66666666666667,1.14492753623189,3.14492753623189
Copa América|1,Copa América,2021,2021-06-13,Venezuela,4,0.5,False,False,2021,72.56521739130434,75.0,73.2,76.66666666666667,73.5,0.9347826086956559,4.101449275362327
Copa América|1,Copa América,2021,2021-06-13,Bolivia,4,0.0,False,False,2021,67.73913043478261,69.0,69.2,67.0,69.16666666666667,1.427536231884062,-0.7391304347826093
Gold Cup|2,Gold Cup,2021,2021-07-10,United States,6,3.0,True,True,2021,74.8695652173913,76.0,75.4,75.66666666666667,75.5,0.6304347826087024,0.7971014492753739
Gold Cup|2,Gold Cup,2021,2021-07-10,Costa Rica,4,2.25,False,False,2021,69.0,87.0,70.8,68.66666666666667,73.5,4.5,-0.3333333333333286
Gold Cup|2,Gold Cup,2021,2021-07-10,Mexico,6,2.1666666666666665,True,False,2021,77.78260869565217,79.0,76.2,82.33333333333333,76.66666666666667,-1.1159420289855007,4.5507246376811565
Gold Cup|2,Gold Cup,2021,2021-07-10,Qatar,5,2.0,False,False,2021,,,,,,,
Gold Cup|2,Gold Cup,2021,2021-07-10,Canada,5,1.8,False,False,2021,70.47826086956522,75.0,70.4,74.0,71.16666666666667,0.6884057971014528,3.5217391304347814
Gold Cup|2,Gold Cup,2021,2021-07-10,El Salvador,4,1.5,False,False,2021,,,,,,,
Gold Cup|2,Gold Cup,2021,2021-07-10,Jamaica,4,1.5,False,False,2021,67.21739130434783,75.0,70.2,71.0,71.0,3.782608695652172,3.782608695652172
Gold Cup|2,Gold Cup,2021,2021-07-10,Honduras,4,1.5,False,False,2021,68.25,75.0,67.2,69.66666666666667,68.5,0.25,1.4166666666666714
Gold Cup|2,Gold Cup,2021,2021-07-10,Panama,3,1.3333333333333333,False,False,2021,67.81818181818181,76.0,69.33333333333333,67.0,70.44444444444444,2.62626262626263,-0.818181818181813
Gold Cup|2,Gold Cup,2021,2021-07-10,Haiti,3,1.0,False,False,2021,63.72727272727273,75.0,68.33333333333333,64.0,69.44444444444444,5.717171717171716,0.2727272727272734
Gold Cup|2,Gold Cup,2021,2021-07-10,Suriname,3,1.0,False,False,2021,66.5,69.0,67.0,65.66666666666667,67.33333333333333,0.8333333333333286,-0.8333333333333286
Gold Cup|2,Gold Cup,2021,2021-07-10,Trinidad and Tobago,3,0.6666666666666666,False,False,2021,,,,,,,
Gold Cup|2,Gold Cup,2021,2021-07-10,Guatemala,3,0.3333333333333333,False,False,2021,,,,,,,
Gold Cup|2,Gold Cup,2021,2021-07-10,Martinique,3,0.0,False,False,2021,,,,,,,
Gold Cup|2,Gold Cup,2021,2021-07-10,Guadeloupe,3,0.0,False,False,2021,,,,,,,
Gold Cup|2,Gold Cup,2021,2021-07-10,Grenada,3,0.0,False,False,2021,,,,,,,
UEFA Euro|0,UEFA Euro,2021,2021-06-11,Italy,7,2.4285714285714284,True,False,2021,82.47826086956522,85.0,83.8,84.0,84.0,1.5217391304347814,1.5217391304347814
UEFA Euro|0,UEFA Euro,2021,2021-06-11,England,7,2.4285714285714284,True,False,2021,83.1304347826087,82.0,84.2,87.33333333333333,83.83333333333333,0.7028985507246261,4.202898550724626
UEFA Euro|0,UEFA Euro,2021,2021-06-11,Belgium,5,2.4,False,False,2021,82.34782608695652,89.0,81.2,86.0,82.5,0.15217391304348382,3.652173913043484
UEFA Euro|0,UEFA Euro,2021,2021-06-11,Netherlands,4,2.25,False,False,2021,81.6086956521739,81.0,84.0,82.33333333333333,83.5,1.8913043478260931,0.7246376811594217
UEFA Euro|0,UEFA Euro,2021,2021-06-11,Sweden,4,1.75,False,False,2021,76.0,78.0,76.0,79.66666666666667,76.33333333333333,0.3333333333333286,3.6666666666666714
UEFA Euro|0,UEFA Euro,2021,2021-06-11,Spain,6,1.6666666666666667,False,False,2021,84.82608695652173,86.0,86.2,83.66666666666667,86.16666666666667,1.3405797101449366,-1.1594202898550634
UEFA Euro|0,UEFA Euro,2021,2021-06-11,Denmark,6,1.5,False,False,2021,77.6086956521739,84.0,78.4,77.66666666666667,79.33333333333333,1.7246376811594217,0.05797101449276454
UEFA Euro|0,UEFA Euro,2021,2021-06-11,Austria,4,1.5,False,False,2021,77.04347826086956,75.0,78.8,76.66666666666667,78.16666666666667,1.1231884057971087,-0.37681159420289134
UEFA Euro|0,UEFA Euro,2021,2021-06-11,France,4,1.5,False,False,2021,84.69565217391305,87.0,85.0,88.66666666666667,85.33333333333333,0.637681159420282,3.971014492753625
UEFA Euro|0,UEFA Euro,2021,2021-06-11,Czechia,5,1.4,False,False,2021,76.56521739130434,82.0,78.0,75.0,78.66666666666667,2.1014492753623273,-1.5652173913043441
UEFA Euro|0,UEFA Euro,2021,2021-06-11,Switzerland,5,1.2,False,False,2021,78.1304347826087,86.0,78.2,76.33333333333333,79.5,1.3695652173912976,-1.7971014492753739
UEFA Euro|0,UEFA Euro,2021,2021-06-11,Ukraine,5,1.2,False,False,2021,75.91304347826087,76.0,75.6,75.0,75.66666666666667,-0.2463768115942031,-0.9130434782608745
UEFA Euro|0,UEFA Euro,2021,2021-06-11,Russia,3,1.0,False,False,2021,77.0,80.0,77.4,77.66666666666667,77.83333333333333,0.8333333333333286,0.6666666666666714
UEFA Euro|0,UEFA Euro,2021,2021-06-11,Finland,3,1.0,False,False,2021,70.6086956521739,83.0,70.4,71.33333333333333,72.5,1.8913043478260931,0.7246376811594217
UEFA Euro|0,UEFA Euro,2021,2021-06-11,Wales,4,1.0,False,False,2021,73.65217391304348,75.0,74.6,74.0,74.66666666666667,1.0144927536231876,0.3478260869565162
UEFA Euro|0,UEFA Euro,2021,2021-06-11,Croatia,4,1.0,False,False,2021,78.95652173913044,80.0,78.2,79.33333333333333,78.5,-0.45652173913043725,0.37681159420289134
UEFA Euro|0,UEFA Euro,2021,2021-06-11,Slovakia,3,1.0,False,False,2021,74.34782608695652,83.0,76.6,67.66666666666667,77.66666666666667,3.3188405797101552,-6.681159420289845
UEFA Euro|0,UEFA Euro,2021,2021-06-11,Germany,4,1.0,False,False,2021,84.65217391304348,90.0,83.2,81.33333333333333,84.33333333333333,-0.3188405797101552,-3.3188405797101552
UEFA Euro|0,UEFA Euro,2021,2021-06-11,Portugal,4,1.0,False,False,2021,82.8695652173913,84.0,82.6,86.66666666666667,82.83333333333333,-0.036231884057968955,3.797101449275374
UEFA Euro|0,UEFA Euro,2021,2021-06-11,Hungary,3,0.6666666666666666,False,False,2021,71.1304347826087,85.0,72.0,70.33333333333333,74.16666666666667,3.036231884057969,-0.7971014492753739
UEFA Euro|0,UEFA Euro,2021,2021-06-11,Scotland,3,0.3333333333333333,False,False,2021,76.1304347826087,74.0,76.6,73.66666666666667,76.16666666666667,0.036231884057968955,-2.463768115942031
UEFA Euro|0,UEFA Euro,2021,2021-06-11,Poland,3,0.3333333333333333,False,False,2021,77.43478260869566,87.0,76.4,83.33333333333333,78.16666666666667,0.7318840579710155,5.898550724637673
UEFA Euro|0,UEFA Euro,2021,2021-06-11,Turkey,3,0.0,False,False,2021,76.34782608695652,77.0,77.2,77.33333333333333,77.16666666666667,0.8188405797101552,0.9855072463768124
UEFA Euro|0,UEFA Euro,2021,2021-06-11,North Macedonia,3,0.0,False,False,2021,68.69565217391305,71.0,68.8,72.66666666666667,69.16666666666667,0.47101449275362484,3.971014492753625
African Cup of Nations|2,African Cup of Nations,2022,2022-01-09,Nigeria,4,2.25,False,False,2022,76.08695652173913,74.0,74.4,79.0,74.33333333333333,-1.753623188405797,2.9130434782608745
African Cup of Nations|2,African Cup of Nations,2022,2022-01-09,Cameroon,7,2.142857142857143,False,False,2022,74.73913043478261,67.0,75.6,77.66666666666667,74.16666666666667,-0.5724637681159379,2.927536231884062
African Cup of Nations|2,African Cup of Nations,2022,2022-01-09,Senegal,7,2.142857142857143,True,False,2022,77.43478260869566,83.0,78.8,81.33333333333333,79.5,2.065217391304344,3.8985507246376727
African Cup of Nations|2,African Cup of Nations,2022,2022-01-09,Morocco,5,2.0,False,False,2022,77.95652173913044,82.0,80.6,81.66666666666667,80.83333333333333,2.8768115942028913,3.710144927536234
African Cup of Nations|2,African Cup of Nations,2022,2022-01-09,Gambia,5,2.0,False,False,2022,67.21739130434783,75.0,67.6,69.66666666666667,68.83333333333333,1.6159420289855007,2.4492753623188435
African Cup of Nations|2,African Cup of Nations,2022,2022-01-09,Ivory Coast,4,2.0,False,False,2022,77.0,63.0,77.0,79.66666666666667,74.66666666666667,-2.3333333333333286,2.6666666666666714
African Cup of Nations|2,African Cup of Nations,2022,2022-01-09,Mali,4,2.0,False,False,2022,73.21739130434783,62.0,73.8,73.66666666666667,71.83333333333333,-1.3840579710144993,0.44927536231884346
African Cup of Nations|2,African Cup of Nations,2022,2022-01-09,Egypt,7,1.7142857142857142,True,False,2022,72.25,75.0,73.0,78.66666666666667,73.33333333333333,1.0833333333333286,6.416666666666671
African Cup of Nations|2,African Cup of Nations,2022,2022-01-09,Gabon,4,1.5,False,False,2022,71.16666666666667,75.0,67.8,85.0,69.0,-2.1666666666666714,13.833333333333329
African Cup of Nations|2,African Cup of Nations,2022,2022-01-09,Equatorial Guinea,5,1.4,False,False,2022,,,,,,,
African Cup of Nations|2,African Cup of Nations,2022,2022-01-09,Burkina Faso,7,1.2857142857142858,False,False,2022,66.75,73.0,68.6,65.33333333333333,69.33333333333333,2.5833333333333286,-1.4166666666666714
African Cup of Nations|2,African Cup of Nations,2022,2022-01-09,Tunisia,5,1.2,False,False,2022,68.82608695652173,75.0,70.2,72.33333333333333,71.0,2.173913043478265,3.507246376811594
African Cup of Nations|2,African Cup of Nations,2022,2022-01-09,Cape Verde,4,1.0,False,False,2022,68.61904761904762,62.0,68.2,76.33333333333333,67.16666666666667,-1.452380952380949,7.714285714285708
African Cup of Nations|2,African Cup of Nations,2022,2022-01-09,Guinea,4,1.0,False,False,2022,69.52173913043478,69.0,70.2,73.33333333333333,70.0,0.4782608695652186,3.8115942028985472
African Cup of Nations|2,African Cup of Nations,2022,2022-01-09,Malawi,4,1.0,False,False,2022,,,,,,,
African Cup of Nations|2,African Cup of Nations,2022,2022-01-09,Zimbabwe,3,1.0,False,False,2022,67.53846153846153,75.0,65.0,72.33333333333333,66.66666666666667,-0.8717948717948616,4.794871794871796
African Cup of Nations|2,African Cup of Nations,2022,2022-01-09,Comoros,4,0.75,False,False,2022,65.75,70.0,64.2,56.0,65.16666666666667,-0.5833333333333286,-9.75
African Cup of Nations|2,African Cup of Nations,2022,2022-01-09,Sierra Leone,3,0.6666666666666666,False,False,2022,,,,,,,
African Cup of Nations|2,African Cup of Nations,2022,2022-01-09,Ethiopia,3,0.3333333333333333,False,False,2022,,,,,,,
African Cup of Nations|2,African Cup of Nations,2022,2022-01-09,Ghana,3,0.3333333333333333,False,False,2022,74.73913043478261,74.0,75.2,76.0,75.0,0.2608695652173907,1.2608695652173907
African Cup of Nations|2,African Cup of Nations,2022,2022-01-09,Sudan,3,0.3333333333333333,False,False,2022,,,,,,,
African Cup of Nations|2,African Cup of Nations,2022,2022-01-09,Guinea-Bissau,3,0.3333333333333333,False,False,2022,,,,,,,
African Cup of Nations|2,African Cup of Nations,2022,2022-01-09,Algeria,3,0.3333333333333333,False,False,2022,76.30434782608695,78.0,76.2,81.0,76.5,0.19565217391304657,4.695652173913047
African Cup of Nations|2,African Cup of Nations,2022,2022-01-09,Mauritania,3,0.0,False,False,2022,,,,,,,
FIFA World Cup|1,FIFA World Cup,2022,2022-11-20,France,7,2.2857142857142856,True,False,2023,85.08695652173913,87.0,84.2,89.33333333333333,84.66666666666667,-0.4202898550724541,4.246376811594203
FIFA World Cup|1,FIFA World Cup,2022,2022-11-20,Netherlands,5,2.2,False,False,2023,81.82608695652173,81.0,84.4,83.33333333333333,83.83333333333333,2.007246376811594,1.5072463768115938
FIFA World Cup|1,FIFA World Cup,2022,2022-11-20,England,5,2.0,False,False,2023,84.1304347826087,83.0,84.8,86.66666666666667,84.5,0.36956521739129755,2.536231884057969
FIFA World Cup|1,FIFA World Cup,2022,2022-11-20,Argentina,7,2.0,True,False,2023,82.73913043478261,85.0,82.4,87.66666666666667,82.83333333333333,0.09420289855071928,4.927536231884062
FIFA World Cup|1,FIFA World Cup,2022,2022-11-20,Brazil,5,2.0,False,False,2023,84.52173913043478,89.0,84.8,86.33333333333333,85.5,0.9782608695652186,1.8115942028985472
FIFA World Cup|1,FIFA World Cup,2022,2022-11-20,Portugal,5,1.8,False,False,2023,83.56521739130434,82.0,84.4,86.33333333333333,84.0,0.4347826086956559,2.7681159420289845
FIFA World Cup|1,FIFA World Cup,2022,2022-11-20,Japan,4,1.75,False,False,2023,75.52173913043478,72.0,75.2,75.33333333333333,74.66666666666667,-0.85507246376811,-0.18840579710145278
FIFA World Cup|1,FIFA World Cup,2022,2022-11-20,Morocco,7,1.5714285714285714,False,False,2023,77.65217391304348,85.0,80.2,80.0,81.0,3.347826086956516,2.347826086956516
FIFA World Cup|1,FIFA World Cup,2022,2022-11-20,Senegal,4,1.5,False,False,2023,77.26086956521739,86.0,78.6,81.66666666666667,79.83333333333333,2.572463768115938,4.405797101449281
FIFA World Cup|1,FIFA World Cup,2022,2022-11-20,Australia,4,1.5,False,False,2023,72.1304347826087,78.0,71.6,71.66666666666667,72.66666666666667,0.536231884057969,-0.46376811594203105
FIFA World Cup|1,FIFA World Cup,2022,2022-11-20,Switzerland,4,1.5,False,False,2023,78.30434782608695,86.0,78.4,76.66666666666667,79.66666666666667,1.362318840579718,-1.637681159420282
FIFA World Cup|1,FIFA World Cup,2022,2022-11-20,Croatia,7,1.4285714285714286,False,False,2023,80.04347826086956,81.0,79.2,80.33333333333333,79.5,-0.5434782608695627,0.28985507246376585
FIFA World Cup|1,FIFA World Cup,2022,2022-11-20,Ecuador,3,1.3333333333333333,False,False,2023,73.73913043478261,73.0,74.6,75.0,74.33333333333333,0.5942028985507193,1.2608695652173907
FIFA World Cup|1,FIFA World Cup,2022,2022-11-20,Tunisia,3,1.3333333333333333,False,False,2023,70.52173913043478,60.0,70.4,71.0,68.66666666666667,-1.85507246376811,0.4782608695652186
FIFA World Cup|1,FIFA World Cup,2022,2022-11-20,Mexico,3,1.3333333333333333,False,False,2023,78.08695652173913,80.0,76.2,81.33333333333333,76.83333333333333,-1.253623188405797,3.246376811594203
FIFA World Cup|1,FIFA World Cup,2022,2022-11-20,Belgium,3,1.3333333333333333,False,False,2023,81.6086956521739,90.0,79.4,83.0,81.16666666666667,-0.44202898550723546,1.3913043478260931
FIFA World Cup|1,FIFA World Cup,2022,2022-11-20,Germany,3,1.3333333333333333,False,False,2023,84.91304347826087,90.0,84.2,81.33333333333333,85.16666666666667,0.2536231884057969,-3.579710144927546
FIFA World Cup|1,FIFA World Cup,2022,2022-11-20,Uruguay,3,1.3333333333333333,False,False,2023,79.65217391304348,80.0,80.6,82.33333333333333,80.5,0.8478260869565162,2.6811594202898448
FIFA World Cup|1,FIFA World Cup,2022,2022-11-20,Cameroon,3,1.3333333333333333,False,False,2023,75.43478260869566,82.0,76.2,76.0,77.16666666666667,1.7318840579710155,0.5652173913043441
FIFA World Cup|1,FIFA World Cup,2022,2022-11-20,United States,4,1.25,False,False,2023,75.91304347826087,77.0,76.2,77.33333333333333,76.33333333333333,0.4202898550724541,1.420289855072454
FIFA World Cup|1,FIFA World Cup,2022,2022-11-20,Spain,4,1.25,False,False,2023,84.43478260869566,87.0,84.4,84.66666666666667,84.83333333333333,0.3985507246376727,0.23188405797101552
FIFA World Cup|1,FIFA World Cup,2022,2022-11-20,Iran,3,1.0,False,False,2023,70.21052631578948,73.0,70.0,78.0,70.5,0.28947368421052033,7.78947368421052
FIFA World Cup|1,FIFA World Cup,2022,2022-11-20,Saudi Arabia,3,1.0,False,False,2023,70.6086956521739,71.0,71.8,72.0,71.66666666666667,1.0579710144927645,1.3913043478260931
FIFA World Cup|1,FIFA World Cup,2022,2022-11-20,Poland,4,1.0,False,False,2023,77.56521739130434,86.0,76.0,82.0,77.66666666666667,0.10144927536232728,4.434782608695656
FIFA World Cup|1,FIFA World Cup,2022,2022-11-20,Costa Rica,3,1.0,False,False,2023,67.86363636363636,88.0,71.6,69.0,74.33333333333333,6.469696969696969,1.1363636363636402
FIFA World Cup|1,FIFA World Cup,2022,2022-11-20,South Korea,4,1.0,False,False,2023,74.26086956521739,73.0,74.4,80.33333333333333,74.16666666666667,-0.09420289855071928,6.072463768115938
FIFA World Cup|1,FIFA World Cup,2022,2022-11-20,Ghana,3,1.0,False,False,2023,75.78260869565217,74.0,76.6,77.66666666666667,76.16666666666667,0.38405797101449934,1.8840579710144993
FIFA World Cup|1,FIFA World Cup,2022,2022-11-20,Wales,3,0.3333333333333333,False,False,2023,73.91304347826087,75.0,74.6,77.33333333333333,74.66666666666667,0.7536231884057969,3.420289855072454
FIFA World Cup|1,FIFA World Cup,2022,2022-11-20,Denmark,3,0.3333333333333333,False,False,2023,78.30434782608695,83.0,79.4,77.0,80.0,1.6956521739130466,-1.3043478260869534
FIFA World Cup|1,FIFA World Cup,2022,2022-11-20,Serbia,3,0.3333333333333333,False,False,2023,78.43478260869566,80.0,75.4,82.33333333333333,76.16666666666667,-2.2681159420289845,3.8985507246376727
FIFA World Cup|1,FIFA World Cup,2022,2022-11-20,Qatar,3,0.0,False,False,2023,68.0,68.0,69.2,73.33333333333333,69.0,1.0,5.333333333333329
FIFA World Cup|1,FIFA World Cup,2022,2022-11-20,Canada,3,0.0,False,False,2023,72.78260869565217,77.0,73.6,75.0,74.16666666666667,1.3840579710144993,2.217391304347828
Gold Cup|3,Gold Cup,2023,2023-06-24,Mexico,6,2.5,True,True,2023,78.08695652173913,80.0,76.2,81.33333333333333,76.83333333333333,-1.253623188405797,3.246376811594203
Gold Cup|3,Gold Cup,2023,2023-06-24,Jamaica,5,2.0,False,False,2023,70.82608695652173,77.0,70.4,77.33333333333333,71.5,0.6739130434782652,6.507246376811594
Gold Cup|3,Gold Cup,2023,2023-06-24,Panama,6,1.8333333333333333,True,False,2023,67.76923076923077,74.0,67.6,70.5,68.66666666666667,0.8974358974358978,2.7307692307692264
Gold Cup|3,Gold Cup,2023,2023-06-24,United States,5,1.8,False,False,2023,75.91304347826087,77.0,76.2,77.33333333333333,76.33333333333333,0.4202898550724541,1.420289855072454
Gold Cup|3,Gold Cup,2023,2023-06-24,Guatemala,4,1.75,False,False,2023,,,,,,,
Gold Cup|3,Gold Cup,2023,2023-06-24,Canada,4,1.5,False,False,2023,72.78260869565217,77.0,73.6,75.0,74.16666666666667,1.3840579710144993,2.217391304347828
Gold Cup|3,Gold Cup,2023,2023-06-24,Honduras,3,1.3333333333333333,False,False,2023,69.27272727272727,75.0,68.0,75.0,69.16666666666667,-0.10606060606059486,5.727272727272734
Gold Cup|3,Gold Cup,2023,2023-06-24,Guadeloupe,3,1.3333333333333333,False,False,2023,,,,,,,
Gold Cup|3,Gold Cup,2023,2023-06-24,Haiti,3,1.0,False,False,2023,63.72727272727273,75.0,68.33333333333333,64.0,69.44444444444444,5.717171717171716,0.2727272727272734
Gold Cup|3,Gold Cup,2023,2023-06-24,Qatar,4,1.0,False,False,2023,68.0,68.0,69.2,73.33333333333333,69.0,1.0,5.333333333333329
Gold Cup|3,Gold Cup,2023,2023-06-24,Trinidad and Tobago,3,1.0,False,False,2023,,,,,,,
Gold Cup|3,Gold Cup,2023,2023-06-24,Costa Rica,4,1.0,False,False,2023,67.86363636363636,88.0,71.6,69.0,74.33333333333333,6.469696969696969,1.1363636363636402
Gold Cup|3,Gold Cup,2023,2023-06-24,Martinique,3,1.0,False,False,2023,,,,,,,
Gold Cup|3,Gold Cup,2023,2023-06-24,El Salvador,3,0.6666666666666666,False,False,2023,,,,,,,
Gold Cup|3,Gold Cup,2023,2023-06-24,Saint Kitts and Nevis,3,0.0,False,False,2023,,,,,,,
Gold Cup|3,Gold Cup,2023,2023-06-24,Cuba,3,0.0,False,False,2023,,,,,,,
AFC Asian Cup|1,AFC Asian Cup,2024,2024-01-12,Qatar,7,2.7142857142857144,True,True,2023,68.0,68.0,69.2,73.33333333333333,69.0,1.0,5.333333333333329
AFC Asian Cup|1,AFC Asian Cup,2024,2024-01-12,Iraq,4,2.25,False,False,2023,,,,,,,
AFC Asian Cup|1,AFC Asian Cup,2024,2024-01-12,Iran,6,2.1666666666666665,False,False,2023,70.21052631578948,73.0,70.0,78.0,70.5,0.28947368421052033,7.78947368421052
AFC Asian Cup|1,AFC Asian Cup,2024,2024-01-12,Australia,5,2.0,False,False,2023,72.1304347826087,78.0,71.6,71.66666666666667,72.66666666666667,0.536231884057969,-0.46376811594203105
AFC Asian Cup|1,AFC Asian Cup,2024,2024-01-12,Saudi Arabia,4,2.0,False,False,2023,70.6086956521739,71.0,71.8,72.0,71.66666666666667,1.0579710144927645,1.3913043478260931
AFC Asian Cup|1,AFC Asian Cup,2024,2024-01-12,Jordan,7,1.8571428571428572,True,False,2023,,,,,,,
AFC Asian Cup|1,AFC Asian Cup,2024,2024-01-12,Uzbekistan,5,1.8,False,False,2023,,,,,,,
AFC Asian Cup|1,AFC Asian Cup,2024,2024-01-12,Japan,5,1.8,False,False,2023,75.52173913043478,72.0,75.2,75.33333333333333,74.66666666666667,-0.85507246376811,-0.18840579710145278
AFC Asian Cup|1,AFC Asian Cup,2024,2024-01-12,South Korea,6,1.5,False,False,2023,74.26086956521739,73.0,74.4,80.33333333333333,74.16666666666667,-0.09420289855071928,6.072463768115938
AFC Asian Cup|1,AFC Asian Cup,2024,2024-01-12,Bahrain,4,1.5,False,False,2023,,,,,,,
AFC Asian Cup|1,AFC Asian Cup,2024,2024-01-12,Syria,4,1.25,False,False,2023,,,,,,,
AFC Asian Cup|1,AFC Asian Cup,2024,2024-01-12,United Arab Emirates,4,1.25,False,False,2023,63.3,71.0,66.0,75.0,66.83333333333333,3.5333333333333314,11.700000000000003
AFC Asian Cup|1,AFC Asian Cup,2024,2024-01-12,Thailand,4,1.25,False,False,2023,,,,,,,
AFC Asian Cup|1,AFC Asian Cup,2024,2024-01-12,Tajikistan,5,1.0,False,False,2023,,,,,,,
AFC Asian Cup|1,AFC Asian Cup,2024,2024-01-12,Palestine,4,1.0,False,False,2023,,,,,,,
AFC Asian Cup|1,AFC Asian Cup,2024,2024-01-12,Indonesia,4,0.75,False,False,2023,,,,,,,
AFC Asian Cup|1,AFC Asian Cup,2024,2024-01-12,China,3,0.6666666666666666,False,False,2023,69.65217391304348,73.0,70.6,70.0,71.0,1.3478260869565162,0.3478260869565162
AFC Asian Cup|1,AFC Asian Cup,2024,2024-01-12,Oman,3,0.6666666666666666,False,False,2023,,,,,,,
AFC Asian Cup|1,AFC Asian Cup,2024,2024-01-12,Lebanon,3,0.3333333333333333,False,False,2023,,,,,,,
AFC Asian Cup|1,AFC Asian Cup,2024,2024-01-12,Malaysia,3,0.3333333333333333,False,False,2023,,,,,,,
AFC Asian Cup|1,AFC Asian Cup,2024,2024-01-12,Kyrgyzstan,3,0.3333333333333333,False,False,2023,,,,,,,
AFC Asian Cup|1,AFC Asian Cup,2024,2024-01-12,India,3,0.0,False,False,2023,61.26086956521739,63.0,61.8,62.666666666666664,62.0,0.7391304347826093,1.4057971014492736
AFC Asian Cup|1,AFC Asian Cup,2024,2024-01-12,Hong Kong,3,0.0,False,False,2023,,,,,,,
AFC Asian Cup|1,AFC Asian Cup,2024,2024-01-12,Vietnam,3,0.0,False,False,2023,,,,,,,
African Cup of Nations|3,African Cup of Nations,2024,2024-01-13,Senegal,4,2.5,False,False,2023,77.26086956521739,86.0,78.6,81.66666666666667,79.83333333333333,2.572463768115938,4.405797101449281
African Cup of Nations|3,African Cup of Nations,2024,2024-01-13,Cape Verde,5,2.2,False,False,2023,69.69565217391305,75.0,68.8,75.0,69.83333333333333,0.13768115942028203,5.304347826086953
African Cup of Nations|3,African Cup of Nations,2024,2024-01-13,Nigeria,7,2.0,True,False,2023,76.95652173913044,73.0,74.8,80.0,74.5,-2.4565217391304373,3.0434782608695627
African Cup of Nations|3,African Cup of Nations,2024,2024-01-13,Angola,5,2.0,False,False,2023,69.28571428571429,75.0,71.2,73.33333333333333,71.83333333333333,2.547619047619037,4.047619047619037
African Cup of Nations|3,African Cup of Nations,2024,2024-01-13,Ivory Coast,7,1.8571428571428572,True,True,2023,77.52173913043478,56.0,77.2,80.33333333333333,73.66666666666667,-3.85507246376811,2.8115942028985472
African Cup of Nations|3,African Cup of Nations,2024,2024-01-13,Equatorial Guinea,4,1.75,False,False,2023,,,,,,,
African Cup of Nations|3,African Cup of Nations,2024,2024-01-13,Morocco,4,1.75,False,False,2023,77.65217391304348,85.0,80.2,80.0,81.0,3.347826086956516,2.347826086956516
African Cup of Nations|3,African Cup of Nations,2024,2024-01-13,Mali,5,1.6,False,False,2023,74.47826086956522,68.0,75.0,74.33333333333333,73.83333333333333,-0.64492753623189,-0.14492753623189003
African Cup of Nations|3,African Cup of Nations,2024,2024-01-13,South Africa,7,1.4285714285714286,False,False,2023,71.08695652173913,73.0,70.8,73.0,71.16666666666667,0.07971014492754591,1.9130434782608745
African Cup of Nations|3,African Cup of Nations,2024,2024-01-13,Guinea,5,1.4,False,False,2023,71.0,75.0,71.6,73.66666666666667,72.16666666666667,1.1666666666666714,2.6666666666666714
African Cup of Nations|3,African Cup of Nations,2024,2024-01-13,Congo DR,7,1.1428571428571428,False,False,2023,72.6086956521739,66.0,74.4,74.33333333333333,73.0,0.39130434782609314,1.7246376811594217
African Cup of Nations|3,African Cup of Nations,2024,2024-01-13,Egypt,4,1.0,False,False,2023,71.6923076923077,75.0,77.0,79.33333333333333,76.66666666666667,4.974358974358978,7.641025641025635
African Cup of Nations|3,African Cup of Nations,2024,2024-01-13,Cameroon,4,1.0,False,False,2023,75.43478260869566,82.0,76.2,76.0,77.16666666666667,1.7318840579710155,0.5652173913043441
African Cup of Nations|3,African Cup of Nations,2024,2024-01-13,Burkina Faso,4,1.0,False,False,2023,66.23809523809524,74.0,70.0,69.66666666666667,70.66666666666667,4.428571428571431,3.4285714285714306
African Cup of Nations|3,African Cup of Nations,2024,2024-01-13,Namibia,4,1.0,False,False,2023,,,,,,,
African Cup of Nations|3,African Cup of Nations,2024,2024-01-13,Mauritania,4,0.75,False,False,2023,,,,,,,
African Cup of Nations|3,African Cup of Nations,2024,2024-01-13,Ghana,3,0.6666666666666666,False,False,2023,75.78260869565217,74.0,76.6,77.66666666666667,76.16666666666667,0.38405797101449934,1.8840579710144993
African Cup of Nations|3,African Cup of Nations,2024,2024-01-13,Mozambique,3,0.6666666666666666,False,False,2023,,,,,,,
African Cup of Nations|3,African Cup of Nations,2024,2024-01-13,Algeria,3,0.6666666666666666,False,False,2023,75.82608695652173,73.0,76.0,81.66666666666667,75.5,-0.3260869565217348,5.840579710144937
African Cup of Nations|3,African Cup of Nations,2024,2024-01-13,Tunisia,3,0.6666666666666666,False,False,2023,70.52173913043478,60.0,70.4,71.0,68.66666666666667,-1.85507246376811,0.4782608695652186
African Cup of Nations|3,African Cup of Nations,2024,2024-01-13,Tanzania,3,0.6666666666666666,False,False,2023,,,,,,,
African Cup of Nations|3,African Cup of Nations,2024,2024-01-13,Zambia,3,0.6666666666666666,False,False,2023,68.0,67.0,67.0,72.33333333333333,67.0,-1.0,4.333333333333329
African Cup of Nations|3,African Cup of Nations,2024,2024-01-13,Guinea-Bissau,3,0.0,False,False,2023,,,,,,,
African Cup of Nations|3,African Cup of Nations,2024,2024-01-13,Gambia,3,0.0,False,False,2023,68.47826086956522,75.0,69.6,72.66666666666667,70.5,2.0217391304347814,4.188405797101453
Copa América|2,Copa América,2024,2024-06-20,Argentina,6,2.6666666666666665,True,True,2023,82.73913043478261,85.0,82.4,87.66666666666667,82.83333333333333,0.09420289855071928,4.927536231884062
Copa América|2,Copa América,2024,2024-06-20,Venezuela,4,2.5,False,False,2023,71.47826086956522,75.0,69.4,74.33333333333333,70.33333333333333,-1.14492753623189,2.85507246376811
Copa América|2,Copa América,2024,2024-06-20,Colombia,6,2.1666666666666665,True,False,2023,78.43478260869566,80.0,79.0,83.0,79.16666666666667,0.7318840579710155,4.565217391304344
Copa América|2,Copa América,2024,2024-06-20,Uruguay,6,1.8333333333333333,False,False,2023,79.65217391304348,80.0,80.6,82.33333333333333,80.5,0.8478260869565162,2.6811594202898448
Copa América|2,Copa América,2024,2024-06-20,Panama,4,1.5,False,False,2023,67.76923076923077,74.0,67.6,70.5,68.66666666666667,0.8974358974358978,2.7307692307692264
Copa América|2,Copa América,2024,2024-06-20,Brazil,4,1.5,False,False,2023,84.52173913043478,89.0,84.8,86.33333333333333,85.5,0.9782608695652186,1.8115942028985472
Copa América|2,Copa América,2024,2024-06-20,Mexico,3,1.3333333333333333,False,False,2023,78.08695652173913,80.0,76.2,81.33333333333333,76.83333333333333,-1.253623188405797,3.246376811594203
Copa América|2,Copa América,2024,2024-06-20,Costa Rica,3,1.3333333333333333,False,False,2023,67.86363636363636,88.0,71.6,69.0,74.33333333333333,6.469696969696969,1.1363636363636402
Copa América|2,Copa América,2024,2024-06-20,Ecuador,4,1.25,False,False,2023,73.73913043478261,73.0,74.6,75.0,74.33333333333333,0.5942028985507193,1.2608695652173907
Copa América|2,Copa América,2024,2024-06-20,Canada,6,1.0,False,False,2023,72.78260869565217,77.0,73.6,75.0,74.16666666666667,1.3840579710144993,2.217391304347828
Copa América|2,Copa América,2024,2024-06-20,United States,3,1.0,False,False,2023,75.91304347826087,77.0,76.2,77.33333333333333,76.33333333333333,0.4202898550724541,1.420289855072454
Copa América|2,Copa América,2024,2024-06-20,Chile,3,0.6666666666666666,False,False,2023,74.8695652173913,79.0,76.2,76.33333333333333,76.66666666666667,1.7971014492753739,1.463768115942031
Copa América|2,Copa América,2024,2024-06-20,Peru,3,0.3333333333333333,False,False,2023,73.6086956521739,75.0,73.4,77.0,73.66666666666667,0.05797101449276454,3.391304347826093
Copa América|2,Copa América,2024,2024-06-20,Jamaica,3,0.0,False,False,2023,70.82608695652173,77.0,70.4,77.33333333333333,71.5,0.6739130434782652,6.507246376811594
Copa América|2,Copa América,2024,2024-06-20,Bolivia,3,0.0,False,False,2023,68.73913043478261,74.0,69.0,70.0,69.83333333333333,1.0942028985507193,1.2608695652173907
Copa América|2,Copa América,2024,2024-06-20,Paraguay,3,0.0,False,False,2023,74.21739130434783,73.0,75.0,76.66666666666667,74.66666666666667,0.44927536231884346,2.4492753623188435
UEFA Euro|1,UEFA Euro,2024,2024-06-14,Spain,7,3.0,True,True,2023,84.43478260869566,87.0,84.4,84.66666666666667,84.83333333333333,0.3985507246376727,0.23188405797101552
UEFA Euro|1,UEFA Euro,2024,2024-06-14,Germany,5,2.0,False,False,2023,84.91304347826087,90.0,84.2,81.33333333333333,85.16666666666667,0.2536231884057969,-3.579710144927546
UEFA Euro|1,UEFA Euro,2024,2024-06-14,Switzerland,5,1.8,False,False,2023,78.30434782608695,86.0,78.4,76.66666666666667,79.66666666666667,1.362318840579718,-1.637681159420282
UEFA Euro|1,UEFA Euro,2024,2024-06-14,Turkey,5,1.8,False,False,2023,76.91304347826087,80.0,76.4,78.33333333333333,77.0,0.08695652173912549,1.420289855072454
UEFA Euro|1,UEFA Euro,2024,2024-06-14,England,7,1.7142857142857142,True,False,2023,84.1304347826087,83.0,84.8,86.66666666666667,84.5,0.36956521739129755,2.536231884057969
UEFA Euro|1,UEFA Euro,2024,2024-06-14,Netherlands,6,1.6666666666666667,False,False,2023,81.82608695652173,81.0,84.4,83.33333333333333,83.83333333333333,2.007246376811594,1.5072463768115938
UEFA Euro|1,UEFA Euro,2024,2024-06-14,Portugal,5,1.6,False,False,2023,83.56521739130434,82.0,84.4,86.33333333333333,84.0,0.4347826086956559,2.7681159420289845
UEFA Euro|1,UEFA Euro,2024,2024-06-14,Austria,4,1.5,False,False,2023,77.91304347826087,75.0,79.6,79.0,78.83333333333333,0.9202898550724541,1.0869565217391255
UEFA Euro|1,UEFA Euro,2024,2024-06-14,France,6,1.5,False,False,2023,85.08695652173913,87.0,84.2,89.33333333333333,84.66666666666667,-0.4202898550724541,4.246376811594203
UEFA Euro|1,UEFA Euro,2024,2024-06-14,Ukraine,3,1.3333333333333333,False,False,2023,75.82608695652173,76.0,76.6,76.66666666666667,76.5,0.6739130434782652,0.8405797101449366
UEFA Euro|1,UEFA Euro,2024,2024-06-14,Hungary,3,1.0,False,False,2023,73.30434782608695,85.0,74.4,71.33333333333333,76.16666666666667,2.862318840579718,-1.9710144927536248
UEFA Euro|1,UEFA Euro,2024,2024-06-14,Italy,4,1.0,False,False,2023,83.43478260869566,88.0,83.2,84.66666666666667,84.0,0.5652173913043441,1.2318840579710155
UEFA Euro|1,UEFA Euro,2024,2024-06-14,Slovenia,4,1.0,False,False,2023,73.95652173913044,89.0,73.0,75.66666666666667,75.66666666666667,1.7101449275362341,1.7101449275362341
UEFA Euro|1,UEFA Euro,2024,2024-06-14,Romania,4,1.0,False,False,2023,73.08695652173913,76.0,72.4,73.0,73.0,-0.08695652173912549,-0.08695652173912549
UEFA Euro|1,UEFA Euro,2024,2024-06-14,Belgium,4,1.0,False,False,2023,81.6086956521739,90.0,79.4,83.0,81.16666666666667,-0.44202898550723546,1.3913043478260931
UEFA Euro|1,UEFA Euro,2024,2024-06-14,Slovakia,4,1.0,False,False,2023,74.6086956521739,80.0,77.0,68.33333333333333,77.5,2.891304347826093,-6.275362318840578
UEFA Euro|1,UEFA Euro,2024,2024-06-14,Georgia,4,1.0,False,False,2023,70.0,78.0,68.2,74.66666666666667,69.83333333333333,-0.1666666666666714,4.666666666666671
UEFA Euro|1,UEFA Euro,2024,2024-06-14,Denmark,4,0.75,False,False,2023,78.30434782608695,83.0,79.4,77.0,80.0,1.6956521739130466,-1.3043478260869534
UEFA Euro|1,UEFA Euro,2024,2024-06-14,Croatia,3,0.6666666666666666,False,False,2023,80.04347826086956,81.0,79.2,80.33333333333333,79.5,-0.5434782608695627,0.28985507246376585
UEFA Euro|1,UEFA Euro,2024,2024-06-14,Serbia,3,0.6666666666666666,False,False,2023,78.43478260869566,80.0,75.4,82.33333333333333,76.16666666666667,-2.2681159420289845,3.8985507246376727
UEFA Euro|1,UEFA Euro,2024,2024-06-14,Scotland,3,0.3333333333333333,False,False,2023,76.08695652173913,74.0,78.6,75.33333333333333,77.83333333333333,1.746376811594203,-0.7536231884057969
UEFA Euro|1,UEFA Euro,2024,2024-06-14,Albania,3,0.3333333333333333,False,False,2023,72.3913043478261,78.0,75.0,72.33333333333333,75.5,3.108695652173907,-0.05797101449276454
UEFA Euro|1,UEFA Euro,2024,2024-06-14,Poland,3,0.3333333333333333,False,False,2023,77.56521739130434,86.0,76.0,82.0,77.66666666666667,0.10144927536232728,4.434782608695656
UEFA Euro|1,UEFA Euro,2024,2024-06-14,Czechia,3,0.3333333333333333,False,False,2023,77.21739130434783,80.0,75.8,81.0,76.5,-0.7173913043478279,3.782608695652172
African Cup of Nations|4,African Cup of Nations,2025,2025-12-21,Morocco,7,2.4285714285714284,True,True,2026,78.52173913043478,82.0,80.6,80.33333333333333,80.83333333333333,2.3115942028985472,1.8115942028985472
African Cup of Nations|4,African Cup of Nations,2025,2025-12-21,Nigeria,7,2.4285714285714284,False,False,2026,77.73913043478261,74.0,76.8,84.0,76.33333333333333,-1.4057971014492807,6.260869565217391
African Cup of Nations|4,African Cup of Nations,2025,2025-12-21,Algeria,5,2.4,False,False,2026,76.43478260869566,75.0,75.6,78.66666666666667,75.5,-0.9347826086956559,2.2318840579710155
African Cup of Nations|4,African Cup of Nations,2025,2025-12-21,Senegal,7,2.2857142857142856,True,False,2026,77.52173913043478,80.0,76.8,78.33333333333333,77.33333333333333,-0.18840579710145278,0.8115942028985472
African Cup of Nations|4,African Cup of Nations,2025,2025-12-21,Egypt,7,2.0,False,False,2026,71.6923076923077,75.0,77.0,79.33333333333333,76.66666666666667,4.974358974358978,7.641025641025635
African Cup of Nations|4,African Cup of Nations,2025,2025-12-21,Cameroon,5,2.0,False,False,2026,74.56521739130434,80.0,74.6,77.66666666666667,75.5,0.9347826086956559,3.1014492753623273
African Cup of Nations|4,African Cup of Nations,2025,2025-12-21,Ivory Coast,5,2.0,False,False,2026,77.52173913043478,76.0,80.0,77.66666666666667,79.33333333333333,1.8115942028985472,0.14492753623189003
African Cup of Nations|4,African Cup of Nations,2025,2025-12-21,Congo DR,4,1.75,False,False,2026,73.21739130434783,67.0,74.6,80.0,73.33333333333333,0.11594202898550066,6.782608695652172
African Cup of Nations|4,African Cup of Nations,2025,2025-12-21,South Africa,4,1.5,False,False,2026,66.28571428571429,75.0,69.2,66.0,70.16666666666667,3.8809523809523796,-0.2857142857142918
African Cup of Nations|4,African Cup of Nations,2025,2025-12-21,Burkina Faso,4,1.5,False,False,2026,66.78260869565217,73.0,72.2,70.0,72.33333333333333,5.5507246376811565,3.217391304347828
African Cup of Nations|4,African Cup of Nations,2025,2025-12-21,Tunisia,4,1.25,False,False,2026,69.78260869565217,75.0,71.4,69.33333333333333,72.0,2.217391304347828,-0.44927536231884346
African Cup of Nations|4,African Cup of Nations,2025,2025-12-21,Mali,5,0.8,False,False,2026,74.0,72.0,74.8,73.66666666666667,74.33333333333333,0.3333333333333286,-0.3333333333333286
African Cup of Nations|4,African Cup of Nations,2025,2025-12-21,Benin,4,0.75,False,False,2026,67.0909090909091,75.0,67.25,72.0,68.54166666666667,1.450757575757578,4.9090909090909065
African Cup of Nations|4,African Cup of Nations,2025,2025-12-21,Mozambique,4,0.75,False,False,2026,,,,,,,
African Cup of Nations|4,African Cup of Nations,2025,2025-12-21,Sudan,4,0.75,False,False,2026,,,,,,,
African Cup of Nations|4,African Cup of Nations,2025,2025-12-21,Comoros,3,0.6666666666666666,False,False,2026,68.81818181818181,75.0,68.4,64.0,69.5,0.681818181818187,-4.818181818181813
African Cup of Nations|4,African Cup of Nations,2025,2025-12-21,Zambia,3,0.6666666666666666,False,False,2026,67.0,75.0,67.33333333333333,74.0,68.6111111111111,1.6111111111111,7.0
African Cup of Nations|4,African Cup of Nations,2025,2025-12-21,Angola,3,0.6666666666666666,False,False,2026,69.5,71.0,74.0,73.66666666666667,73.5,4.0,4.166666666666671
African Cup of Nations|4,African Cup of Nations,2025,2025-12-21,Tanzania,4,0.5,False,False,2026,,,,,,,
African Cup of Nations|4,African Cup of Nations,2025,2025-12-21,Zimbabwe,3,0.3333333333333333,False,False,2026,65.71428571428571,75.0,68.0,63.0,69.16666666666667,3.452380952380963,-2.714285714285708
African Cup of Nations|4,African Cup of Nations,2025,2025-12-21,Uganda,3,0.3333333333333333,False,False,2026,,,,,,,
African Cup of Nations|4,African Cup of Nations,2025,2025-12-21,Botswana,3,0.0,False,False,2026,,,,,,,
African Cup of Nations|4,African Cup of Nations,2025,2025-12-21,Gabon,3,0.0,False,False,2026,69.45454545454545,75.0,66.0,80.0,67.5,-1.9545454545454533,10.545454545454547
African Cup of Nations|4,African Cup of Nations,2025,2025-12-21,Equatorial Guinea,3,0.0,False,False,2026,,,,,,,
Gold Cup|4,Gold Cup,2025,2025-06-14,Mexico,6,2.6666666666666665,True,True,2025,71.1304347826087,63.0,73.0,78.33333333333333,71.33333333333333,0.20289855072462615,7.202898550724626
Gold Cup|4,Gold Cup,2025,2025-06-14,Panama,4,2.5,False,False,2025,68.72727272727273,70.0,69.75,70.0,69.79166666666667,1.0643939393939377,1.2727272727272663
Gold Cup|4,Gold Cup,2025,2025-06-14,United States,6,2.1666666666666665,True,False,2025,75.82608695652173,74.0,77.2,78.33333333333333,76.66666666666667,0.8405797101449366,2.507246376811594
Gold Cup|4,Gold Cup,2025,2025-06-14,Costa Rica,4,2.0,False,False,2025,66.57142857142857,67.0,68.4,68.0,68.16666666666667,1.595238095238102,1.4285714285714306
Gold Cup|4,Gold Cup,2025,2025-06-14,Canada,4,2.0,False,False,2025,72.08695652173913,73.0,74.2,75.33333333333333,74.0,1.9130434782608745,3.246376811594203
Gold Cup|4,Gold Cup,2025,2025-06-14,Guatemala,5,1.4,False,False,2025,,,,,,,
Gold Cup|4,Gold Cup,2025,2025-06-14,Honduras,5,1.4,False,False,2025,69.27272727272727,75.0,68.0,75.0,69.16666666666667,-0.10606060606059486,5.727272727272734
Gold Cup|4,Gold Cup,2025,2025-06-14,Saudi Arabia,4,1.0,False,False,2025,71.04347826086956,69.0,74.6,69.0,73.66666666666667,2.6231884057971087,-2.0434782608695627
Gold Cup|4,Gold Cup,2025,2025-06-14,Jamaica,3,1.0,False,False,2025,70.34782608695652,75.0,71.4,74.66666666666667,72.0,1.6521739130434838,4.318840579710155
Gold Cup|4,Gold Cup,2025,2025-06-14,Trinidad and Tobago,3,0.6666666666666666,False,False,2025,,,,,,,
Gold Cup|4,Gold Cup,2025,2025-06-14,Curaçao,3,0.6666666666666666,False,False,2025,,,,,,,
Gold Cup|4,Gold Cup,2025,2025-06-14,Dominican Republic,3,0.3333333333333333,False,False,2025,,,,,,,
Gold Cup|4,Gold Cup,2025,2025-06-14,Suriname,3,0.3333333333333333,False,False,2025,69.0,71.0,70.8,70.0,70.83333333333333,1.8333333333333286,1.0
Gold Cup|4,Gold Cup,2025,2025-06-14,Haiti,3,0.3333333333333333,False,False,2025,63.72727272727273,75.0,68.33333333333333,64.0,69.44444444444444,5.717171717171716,0.2727272727272734
Gold Cup|4,Gold Cup,2025,2025-06-14,El Salvador,3,0.3333333333333333,False,False,2025,,,,,,,
Gold Cup|4,Gold Cup,2025,2025-06-14,Guadeloupe,3,0.0,False,False,2025,,,,,,,
